{
  "1_19": [
    {
      "angle": 0.8084579774745003,
      "power": 358.66153081421584,
      "win_rate": 1.0,
      "strategy_type": "bounce"
    }
  ],
  "2_19": [
    {
      "angle": 0.769865102910496,
      "power": 354.886866234452,
      "win_rate": 1.0,
      "strategy_type": "bounce"
    }
  ],
  "3_19": [
    {
      "angle": 0.7403003939181482,
      "power": 382.4343775302068,
      "win_rate": 1.0,
      "strategy_type": "bounce"
    }
  ],
  "4_19": [
    {
      "angle": 2.165836432675404,
      "power": 303.04324940839456,
      "win_rate": 1.0,
      "strategy_type": "bounce"
    }
  ],
  "6_19": [
    {
      "angle": 0.9190327541041067,
      "power": 300,
      "win_rate": 1.0,
      "strategy_type": "bounce"
    }
  ],
  "7_19": [
    {
      "angle": 0.7252525814479602,
      "power": 241.79507415791556,
      "win_rate": 1.0,
      "strategy_type": "bounce"
    }
  ],
  "8_19": [
    {
      "angle": 2.172736717750588,
      "power": 398.0663948416708,
      "win_rate": 1.0,
      "strategy_type": "bounce"
    }
  ],
  "9_19": [
    {
      "angle": 0.8238954952348896,
      "power": 225.2954658741779,
      "win_rate": 1.0,
      "strategy_type": "bounce"
    }
  ],
  "10_19": [
    {
      "angle": 0.7281674100029911,
      "power": 204.65843998201825,
      "win_rate": 1.0,
      "strategy_type": "bounce"
    }
  ],
  "11_19": [
    {
      "angle": 0.7561856594753221,
      "power": 207.19893826679214,
      "win_rate": 1.0,
      "strategy_type": "bounce"
    }
  ],
  "12_19": [
    {
      "angle": 1.0958320644509796,
      "power": 481.1749901807459,
      "win_rate": 1.0,
      "strategy_type": "bounce"
    }
  ],
  "13_19": [
    {
      "angle": 1.0888810759862313,
      "power": 211.08031538170926,
      "win_rate": 1.0,
      "strategy_type": "bounce"
    }
  ],
  "14_19": [
    {
      "angle": 1.4821418111168672,
      "power": 366.4210058413561,
      "win_rate": 1.0,
      "strategy_type": "bounce"
    }
  ],
  "17_19": [
    {
      "angle": 1.9473624314968987,
      "power": 185.5587313572677,
      "win_rate": 1.0,
      "strategy_type": "bounce"
    }
  ],
  "18_19": [
    {
      "angle": 4.048586333097432,
      "power": 176.96811030531654,
      "win_rate": 1.0,
      "strategy_type": "direct"
    }
  ]
}